timestamp,energy_kwh,power_kw,voltage,temperature,hour,day_of_week,is_weekend
2026-08-01 00:00:00,0.839,0.839,229.3,19.3,0,Saturday,1
2026-08-01 01:00:00,0.831,0.831,228.2,19.5,1,Saturday,1
2026-08-01 02:00:00,0.911,0.911,227.8,19.3,2,Saturday,1
2026-08-01 03:00:00,0.813,0.813,228.0,18.7,3,Saturday,1
2026-08-01 04:00:00,0.697,0.697,226.7,19.1,4,Saturday,1
2026-08-01 05:00:00,0.769,0.769,229.0,19.6,5,Saturday,1
2026-08-01 06:00:00,1.217,1.217,229.6,20.8,6,Saturday,1
2026-08-01 07:00:00,1.335,1.335,225.9,23.0,7,Saturday,1
2026-08-01 08:00:00,1.339,1.339,226.2,24.6,8,Saturday,1
2026-08-01 09:00:00,1.642,1.642,226.7,27.1,9,Saturday,1
2026-08-01 10:00:00,1.838,1.838,226.7,28.0,10,Saturday,1
2026-08-01 11:00:00,1.756,1.756,225.4,29.1,11,Saturday,1
2026-08-01 12:00:00,1.833,1.833,225.1,31.2,12,Saturday,1
2026-08-01 13:00:00,2.049,2.049,226.5,31.9,13,Saturday,1
2026-08-01 14:00:00,1.966,1.966,224.7,31.9,14,Saturday,1
2026-08-01 15:00:00,1.953,1.953,227.8,31.2,15,Saturday,1
2026-08-01 16:00:00,1.849,1.849,227.1,31.3,16,Saturday,1
2026-08-01 17:00:00,2.776,2.776,225.7,29.6,17,Saturday,1
2026-08-01 18:00:00,2.905,2.905,223.8,29.3,18,Saturday,1
2026-08-01 19:00:00,2.857,2.857,226.0,26.6,19,Saturday,1
2026-08-01 20:00:00,2.815,2.815,223.6,24.6,20,Saturday,1
2026-08-01 21:00:00,2.895,2.895,226.4,22.2,21,Saturday,1
2026-08-01 22:00:00,1.35,1.35,228.0,21.4,22,Saturday,1
2026-08-01 23:00:00,1.299,1.299,229.5,19.5,23,Saturday,1
2026-08-02 00:00:00,0.975,0.975,225.1,18.9,0,Sunday,1
2026-08-02 01:00:00,0.857,0.857,228.1,18.9,1,Sunday,1
2026-08-02 02:00:00,0.691,0.691,228.5,18.1,2,Sunday,1
2026-08-02 03:00:00,0.968,0.968,227.6,18.5,3,Sunday,1
2026-08-02 04:00:00,0.81,0.81,229.6,18.3,4,Sunday,1
2026-08-02 05:00:00,0.808,0.808,229.2,20.3,5,Sunday,1
2026-08-02 06:00:00,1.407,1.407,226.6,21.6,6,Sunday,1
2026-08-02 07:00:00,1.299,1.299,225.9,22.9,7,Sunday,1
2026-08-02 08:00:00,1.351,1.351,227.6,25.2,8,Sunday,1
2026-08-02 09:00:00,1.577,1.577,226.7,26.6,9,Sunday,1
2026-08-02 10:00:00,1.626,1.626,226.9,28.2,10,Sunday,1
2026-08-02 11:00:00,2.141,2.141,226.4,30.3,11,Sunday,1
2026-08-02 12:00:00,1.984,1.984,224.1,31.3,12,Sunday,1
2026-08-02 13:00:00,1.995,1.995,229.4,31.7,13,Sunday,1
2026-08-02 14:00:00,2.014,2.014,226.3,31.8,14,Sunday,1
2026-08-02 15:00:00,2.081,2.081,227.2,30.8,15,Sunday,1
2026-08-02 16:00:00,1.917,1.917,228.2,31.7,16,Sunday,1
2026-08-02 17:00:00,2.877,2.877,227.5,28.8,17,Sunday,1
2026-08-02 18:00:00,2.785,2.785,225.1,27.7,18,Sunday,1
2026-08-02 19:00:00,2.706,2.706,225.2,26.4,19,Sunday,1
2026-08-02 20:00:00,2.868,2.868,223.7,24.2,20,Sunday,1
2026-08-02 21:00:00,2.767,2.767,224.6,24.4,21,Sunday,1
2026-08-02 22:00:00,1.172,1.172,228.2,22.2,22,Sunday,1
2026-08-02 23:00:00,1.141,1.141,228.2,21.1,23,Sunday,1
2026-08-03 00:00:00,0.793,0.793,227.1,19.1,0,Monday,0
2026-08-03 01:00:00,0.772,0.772,229.0,17.2,1,Monday,0
2026-08-03 02:00:00,0.758,0.758,227.8,18.2,2,Monday,0
2026-08-03 03:00:00,0.753,0.753,227.8,18.4,3,Monday,0
2026-08-03 04:00:00,0.768,0.768,227.2,20.4,4,Monday,0
2026-08-03 05:00:00,0.652,0.652,229.8,20.6,5,Monday,0
2026-08-03 06:00:00,1.744,1.744,228.0,22.4,6,Monday,0
2026-08-03 07:00:00,1.876,1.876,228.9,23.5,7,Monday,0
2026-08-03 08:00:00,1.75,1.75,225.8,24.8,8,Monday,0
2026-08-03 09:00:00,0.904,0.904,228.8,26.2,9,Monday,0
2026-08-03 10:00:00,0.976,0.976,228.3,28.7,10,Monday,0
2026-08-03 11:00:00,1.069,1.069,231.3,31.1,11,Monday,0
2026-08-03 12:00:00,1.021,1.021,226.9,31.6,12,Monday,0
2026-08-03 13:00:00,1.072,1.072,228.9,32.1,13,Monday,0
2026-08-03 14:00:00,1.084,1.084,227.0,32.4,14,Monday,0
2026-08-03 15:00:00,1.054,1.054,229.1,30.5,15,Monday,0
2026-08-03 16:00:00,0.99,0.99,228.4,31.2,16,Monday,0
2026-08-03 17:00:00,2.579,2.579,225.5,30.3,17,Monday,0
2026-08-03 18:00:00,2.559,2.559,225.8,28.5,18,Monday,0
2026-08-03 19:00:00,2.737,2.737,226.3,27.3,19,Monday,0
2026-08-03 20:00:00,2.575,2.575,226.0,23.9,20,Monday,0
2026-08-03 21:00:00,2.691,2.691,229.8,23.6,21,Monday,0
2026-08-03 22:00:00,1.361,1.361,228.7,22.0,22,Monday,0
2026-08-03 23:00:00,1.245,1.245,228.7,20.6,23,Monday,0
2026-08-04 00:00:00,0.711,0.711,228.1,18.3,0,Tuesday,0
2026-08-04 01:00:00,0.915,0.915,226.1,18.3,1,Tuesday,0
2026-08-04 02:00:00,0.601,0.601,228.4,18.5,2,Tuesday,0
2026-08-04 03:00:00,0.735,0.735,227.4,19.1,3,Tuesday,0
2026-08-04 04:00:00,0.784,0.784,227.7,18.4,4,Tuesday,0
2026-08-04 05:00:00,0.734,0.734,227.9,20.2,5,Tuesday,0
2026-08-04 06:00:00,1.861,1.861,224.2,23.2,6,Tuesday,0
2026-08-04 07:00:00,1.757,1.757,227.9,23.3,7,Tuesday,0
2026-08-04 08:00:00,1.801,1.801,227.4,24.4,8,Tuesday,0
2026-08-04 09:00:00,0.814,0.814,228.1,27.5,9,Tuesday,0
2026-08-04 10:00:00,0.858,0.858,230.6,28.1,10,Tuesday,0
2026-08-04 11:00:00,0.989,0.989,229.3,30.3,11,Tuesday,0
2026-08-04 12:00:00,1.173,1.173,226.1,32.8,12,Tuesday,0
2026-08-04 13:00:00,1.191,1.191,227.0,31.4,13,Tuesday,0
2026-08-04 14:00:00,1.152,1.152,226.8,32.4,14,Tuesday,0
2026-08-04 15:00:00,0.831,0.831,227.3,31.7,15,Tuesday,0
2026-08-04 16:00:00,0.99,0.99,230.2,30.9,16,Tuesday,0
2026-08-04 17:00:00,2.615,2.615,225.5,28.8,17,Tuesday,0
2026-08-04 18:00:00,2.535,2.535,226.8,29.7,18,Tuesday,0
2026-08-04 19:00:00,2.571,2.571,225.9,26.8,19,Tuesday,0
2026-08-04 20:00:00,2.602,2.602,225.4,25.2,20,Tuesday,0
2026-08-04 21:00:00,2.659,2.659,226.0,22.9,21,Tuesday,0
2026-08-04 22:00:00,1.171,1.171,230.5,22.8,22,Tuesday,0
2026-08-04 23:00:00,1.258,1.258,228.4,18.5,23,Tuesday,0
2026-08-05 00:00:00,0.68,0.68,228.5,19.2,0,Wednesday,0
2026-08-05 01:00:00,0.683,0.683,229.8,17.8,1,Wednesday,0
2026-08-05 02:00:00,0.675,0.675,229.9,18.3,2,Wednesday,0
2026-08-05 03:00:00,0.795,0.795,229.3,18.5,3,Wednesday,0
2026-08-05 04:00:00,0.685,0.685,229.7,18.3,4,Wednesday,0
2026-08-05 05:00:00,0.728,0.728,228.8,20.5,5,Wednesday,0
2026-08-05 06:00:00,1.763,1.763,227.5,22.5,6,Wednesday,0
2026-08-05 07:00:00,1.793,1.793,228.1,23.0,7,Wednesday,0
2026-08-05 08:00:00,1.875,1.875,228.2,25.7,8,Wednesday,0
2026-08-05 09:00:00,0.965,0.965,227.9,26.8,9,Wednesday,0
2026-08-05 10:00:00,0.9,0.9,228.5,28.8,10,Wednesday,0
2026-08-05 11:00:00,1.025,1.025,230.7,30.4,11,Wednesday,0
2026-08-05 12:00:00,0.993,0.993,229.6,30.3,12,Wednesday,0
2026-08-05 13:00:00,1.14,1.14,228.7,32.4,13,Wednesday,0
2026-08-05 14:00:00,1.018,1.018,228.3,32.0,14,Wednesday,0
2026-08-05 15:00:00,1.168,1.168,227.7,31.2,15,Wednesday,0
2026-08-05 16:00:00,1.064,1.064,228.6,30.4,16,Wednesday,0
2026-08-05 17:00:00,2.584,2.584,225.6,29.5,17,Wednesday,0
2026-08-05 18:00:00,2.609,2.609,224.7,28.7,18,Wednesday,0
2026-08-05 19:00:00,2.534,2.534,223.7,27.0,19,Wednesday,0
2026-08-05 20:00:00,2.633,2.633,225.6,24.4,20,Wednesday,0
2026-08-05 21:00:00,2.719,2.719,224.9,24.4,21,Wednesday,0
2026-08-05 22:00:00,1.19,1.19,227.8,21.5,22,Wednesday,0
2026-08-05 23:00:00,1.296,1.296,226.7,19.8,23,Wednesday,0
2026-08-06 00:00:00,0.853,0.853,228.3,19.4,0,Thursday,0
2026-08-06 01:00:00,0.785,0.785,228.1,18.6,1,Thursday,0
2026-08-06 02:00:00,0.731,0.731,228.8,18.2,2,Thursday,0
2026-08-06 03:00:00,0.732,0.732,229.3,17.6,3,Thursday,0
2026-08-06 04:00:00,0.807,0.807,231.1,20.1,4,Thursday,0
2026-08-06 05:00:00,0.8,0.8,228.8,19.4,5,Thursday,0
2026-08-06 06:00:00,1.745,1.745,225.9,23.3,6,Thursday,0
2026-08-06 07:00:00,1.64,1.64,226.4,22.7,7,Thursday,0
2026-08-06 08:00:00,1.822,1.822,227.1,24.4,8,Thursday,0
2026-08-06 09:00:00,0.986,0.986,227.5,28.3,9,Thursday,0
2026-08-06 10:00:00,0.949,0.949,226.7,27.8,10,Thursday,0
2026-08-06 11:00:00,1.184,1.184,227.3,31.4,11,Thursday,0
2026-08-06 12:00:00,1.018,1.018,228.0,29.7,12,Thursday,0
2026-08-06 13:00:00,0.962,0.962,227.5,32.8,13,Thursday,0
2026-08-06 14:00:00,1.094,1.094,227.5,32.0,14,Thursday,0
2026-08-06 15:00:00,1.005,1.005,228.0,32.3,15,Thursday,0
2026-08-06 16:00:00,1.131,1.131,228.8,31.2,16,Thursday,0
2026-08-06 17:00:00,2.527,2.527,227.0,29.1,17,Thursday,0
2026-08-06 18:00:00,2.59,2.59,227.2,28.8,18,Thursday,0
2026-08-06 19:00:00,2.744,2.744,225.1,26.9,19,Thursday,0
2026-08-06 20:00:00,2.79,2.79,224.7,26.6,20,Thursday,0
2026-08-06 21:00:00,2.702,2.702,226.8,24.0,21,Thursday,0
2026-08-06 22:00:00,1.325,1.325,228.9,20.7,22,Thursday,0
2026-08-06 23:00:00,1.175,1.175,225.4,18.6,23,Thursday,0
2026-08-07 00:00:00,0.787,0.787,230.4,18.7,0,Friday,0
2026-08-07 01:00:00,0.86,0.86,226.8,18.3,1,Friday,0
2026-08-07 02:00:00,0.726,0.726,229.2,16.6,2,Friday,0
2026-08-07 03:00:00,0.565,0.565,228.9,18.2,3,Friday,0
2026-08-07 04:00:00,0.784,0.784,229.0,17.9,4,Friday,0
2026-08-07 05:00:00,0.689,0.689,227.5,19.3,5,Friday,0
2026-08-07 06:00:00,1.886,1.886,225.4,21.4,6,Friday,0
2026-08-07 07:00:00,1.768,1.768,225.9,23.6,7,Friday,0
2026-08-07 08:00:00,1.727,1.727,226.2,24.9,8,Friday,0
2026-08-07 09:00:00,1.067,1.067,228.1,25.9,9,Friday,0
2026-08-07 10:00:00,0.927,0.927,228.2,27.9,10,Friday,0
2026-08-07 11:00:00,0.959,0.959,229.2,29.8,11,Friday,0
2026-08-07 12:00:00,1.044,1.044,227.8,30.6,12,Friday,0
2026-08-07 13:00:00,0.789,0.789,230.2,29.9,13,Friday,0
2026-08-07 14:00:00,1.07,1.07,228.8,33.3,14,Friday,0
2026-08-07 15:00:00,1.336,1.336,228.9,32.0,15,Friday,0
2026-08-07 16:00:00,1.014,1.014,226.2,31.0,16,Friday,0
2026-08-07 17:00:00,2.589,2.589,223.6,30.1,17,Friday,0
2026-08-07 18:00:00,2.563,2.563,227.4,28.0,18,Friday,0
2026-08-07 19:00:00,2.649,2.649,227.0,27.5,19,Friday,0
2026-08-07 20:00:00,2.581,2.581,227.2,25.1,20,Friday,0
2026-08-07 21:00:00,2.567,2.567,225.2,23.6,21,Friday,0
2026-08-07 22:00:00,1.159,1.159,229.0,20.8,22,Friday,0
2026-08-07 23:00:00,1.158,1.158,228.6,21.6,23,Friday,0
2026-08-08 00:00:00,0.811,0.811,227.8,18.4,0,Saturday,1
2026-08-08 01:00:00,0.854,0.854,227.5,17.5,1,Saturday,1
2026-08-08 02:00:00,0.846,0.846,228.2,18.2,2,Saturday,1
2026-08-08 03:00:00,0.804,0.804,229.5,17.5,3,Saturday,1
2026-08-08 04:00:00,0.772,0.772,228.7,19.3,4,Saturday,1
2026-08-08 05:00:00,0.716,0.716,229.4,20.7,5,Saturday,1
2026-08-08 06:00:00,1.376,1.376,226.6,21.0,6,Saturday,1
2026-08-08 07:00:00,1.2,1.2,227.9,21.7,7,Saturday,1
2026-08-08 08:00:00,1.258,1.258,228.5,25.2,8,Saturday,1
2026-08-08 09:00:00,1.685,1.685,225.5,25.5,9,Saturday,1
2026-08-08 10:00:00,1.694,1.694,225.9,28.0,10,Saturday,1
2026-08-08 11:00:00,1.771,1.771,226.1,29.6,11,Saturday,1
2026-08-08 12:00:00,1.9,1.9,227.2,31.7,12,Saturday,1
2026-08-08 13:00:00,1.792,1.792,225.8,32.9,13,Saturday,1
2026-08-08 14:00:00,1.974,1.974,226.9,32.5,14,Saturday,1
2026-08-08 15:00:00,1.997,1.997,226.2,31.3,15,Saturday,1
2026-08-08 16:00:00,2.01,2.01,226.8,32.0,16,Saturday,1
2026-08-08 17:00:00,2.791,2.791,224.5,29.6,17,Saturday,1
2026-08-08 18:00:00,2.796,2.796,225.3,28.8,18,Saturday,1
2026-08-08 19:00:00,2.9,2.9,224.4,28.5,19,Saturday,1
2026-08-08 20:00:00,2.797,2.797,222.5,26.0,20,Saturday,1
2026-08-08 21:00:00,2.68,2.68,224.8,22.4,21,Saturday,1
2026-08-08 22:00:00,1.404,1.404,227.9,21.5,22,Saturday,1
2026-08-08 23:00:00,1.336,1.336,224.9,19.9,23,Saturday,1
2026-08-09 00:00:00,0.912,0.912,226.6,19.1,0,Sunday,1
2026-08-09 01:00:00,0.877,0.877,227.9,19.2,1,Sunday,1
2026-08-09 02:00:00,1.032,1.032,228.4,18.5,2,Sunday,1
2026-08-09 03:00:00,0.813,0.813,227.5,18.4,3,Sunday,1
2026-08-09 04:00:00,0.782,0.782,228.7,19.6,4,Sunday,1
2026-08-09 05:00:00,0.888,0.888,228.8,19.7,5,Sunday,1
2026-08-09 06:00:00,1.289,1.289,227.4,22.3,6,Sunday,1
2026-08-09 07:00:00,1.294,1.294,228.1,22.4,7,Sunday,1
2026-08-09 08:00:00,1.256,1.256,228.8,25.6,8,Sunday,1
2026-08-09 09:00:00,1.723,1.723,229.2,27.9,9,Sunday,1
2026-08-09 10:00:00,1.59,1.59,225.0,27.9,10,Sunday,1
2026-08-09 11:00:00,2.042,2.042,226.3,31.1,11,Sunday,1
2026-08-09 12:00:00,1.9,1.9,229.5,31.3,12,Sunday,1
2026-08-09 13:00:00,1.999,1.999,227.3,31.9,13,Sunday,1
2026-08-09 14:00:00,2.008,2.008,225.4,32.4,14,Sunday,1
2026-08-09 15:00:00,2.141,2.141,227.8,32.1,15,Sunday,1
2026-08-09 16:00:00,1.949,1.949,225.3,32.3,16,Sunday,1
2026-08-09 17:00:00,2.834,2.834,226.2,29.8,17,Sunday,1
2026-08-09 18:00:00,2.952,2.952,224.5,27.1,18,Sunday,1
2026-08-09 19:00:00,2.749,2.749,223.1,26.5,19,Sunday,1
2026-08-09 20:00:00,2.836,2.836,223.3,25.7,20,Sunday,1
2026-08-09 21:00:00,2.803,2.803,227.0,22.2,21,Sunday,1
2026-08-09 22:00:00,1.15,1.15,227.6,21.3,22,Sunday,1
2026-08-09 23:00:00,1.054,1.054,228.0,19.8,23,Sunday,1
2026-08-10 00:00:00,0.786,0.786,230.8,18.8,0,Monday,0
2026-08-10 01:00:00,0.708,0.708,227.4,19.1,1,Monday,0
2026-08-10 02:00:00,0.735,0.735,228.7,20.1,2,Monday,0
2026-08-10 03:00:00,0.746,0.746,228.5,18.2,3,Monday,0
2026-08-10 04:00:00,0.686,0.686,228.7,18.5,4,Monday,0
2026-08-10 05:00:00,0.673,0.673,228.9,19.6,5,Monday,0
2026-08-10 06:00:00,1.93,1.93,223.3,21.3,6,Monday,0
2026-08-10 07:00:00,1.91,1.91,224.1,24.1,7,Monday,0
2026-08-10 08:00:00,1.78,1.78,225.1,24.7,8,Monday,0
2026-08-10 09:00:00,0.821,0.821,230.6,26.2,9,Monday,0
2026-08-10 10:00:00,1.012,1.012,229.0,29.2,10,Monday,0
2026-08-10 11:00:00,0.868,0.868,229.0,29.0,11,Monday,0
2026-08-10 12:00:00,1.147,1.147,227.6,30.1,12,Monday,0
2026-08-10 13:00:00,1.147,1.147,228.5,31.5,13,Monday,0
2026-08-10 14:00:00,1.183,1.183,226.6,31.7,14,Monday,0
2026-08-10 15:00:00,1.137,1.137,227.6,32.3,15,Monday,0
2026-08-10 16:00:00,0.99,0.99,229.3,31.3,16,Monday,0
2026-08-10 17:00:00,2.608,2.608,226.6,29.8,17,Monday,0
2026-08-10 18:00:00,2.537,2.537,223.6,27.9,18,Monday,0
2026-08-10 19:00:00,2.548,2.548,227.5,27.3,19,Monday,0
2026-08-10 20:00:00,2.786,2.786,225.2,23.3,20,Monday,0
2026-08-10 21:00:00,2.606,2.606,225.8,23.1,21,Monday,0
2026-08-10 22:00:00,1.358,1.358,227.7,21.5,22,Monday,0
2026-08-10 23:00:00,1.241,1.241,227.7,20.2,23,Monday,0
2026-08-11 00:00:00,0.593,0.593,227.3,19.2,0,Tuesday,0
2026-08-11 01:00:00,0.744,0.744,228.4,18.8,1,Tuesday,0
2026-08-11 02:00:00,0.758,0.758,228.0,18.0,2,Tuesday,0
2026-08-11 03:00:00,0.746,0.746,227.5,17.6,3,Tuesday,0
2026-08-11 04:00:00,0.594,0.594,230.2,19.3,4,Tuesday,0
2026-08-11 05:00:00,0.75,0.75,229.8,20.4,5,Tuesday,0
2026-08-11 06:00:00,1.891,1.891,224.4,22.8,6,Tuesday,0
2026-08-11 07:00:00,1.76,1.76,226.9,22.2,7,Tuesday,0
2026-08-11 08:00:00,1.752,1.752,227.1,25.4,8,Tuesday,0
2026-08-11 09:00:00,0.861,0.861,226.8,26.2,9,Tuesday,0
2026-08-11 10:00:00,0.802,0.802,227.4,27.8,10,Tuesday,0
2026-08-11 11:00:00,1.014,1.014,231.3,30.8,11,Tuesday,0
2026-08-11 12:00:00,1.105,1.105,227.0,31.5,12,Tuesday,0
2026-08-11 13:00:00,1.044,1.044,228.3,32.3,13,Tuesday,0
2026-08-11 14:00:00,1.082,1.082,229.4,34.0,14,Tuesday,0
2026-08-11 15:00:00,1.087,1.087,230.2,31.2,15,Tuesday,0
2026-08-11 16:00:00,1.235,1.235,228.6,30.6,16,Tuesday,0
2026-08-11 17:00:00,2.701,2.701,226.3,29.5,17,Tuesday,0
2026-08-11 18:00:00,2.524,2.524,224.6,29.0,18,Tuesday,0
2026-08-11 19:00:00,2.644,2.644,226.0,26.6,19,Tuesday,0
2026-08-11 20:00:00,2.543,2.543,225.9,25.1,20,Tuesday,0
2026-08-11 21:00:00,2.695,2.695,226.4,23.7,21,Tuesday,0
2026-08-11 22:00:00,1.307,1.307,227.6,22.2,22,Tuesday,0
2026-08-11 23:00:00,1.304,1.304,227.9,18.7,23,Tuesday,0
2026-08-12 00:00:00,0.628,0.628,227.6,19.2,0,Wednesday,0
2026-08-12 01:00:00,0.727,0.727,229.5,19.1,1,Wednesday,0
2026-08-12 02:00:00,0.732,0.732,229.8,18.0,2,Wednesday,0
2026-08-12 03:00:00,0.738,0.738,228.1,17.8,3,Wednesday,0
2026-08-12 04:00:00,0.705,0.705,229.0,18.6,4,Wednesday,0
2026-08-12 05:00:00,0.83,0.83,227.4,19.7,5,Wednesday,0
2026-08-12 06:00:00,1.775,1.775,228.5,21.4,6,Wednesday,0
2026-08-12 07:00:00,1.893,1.893,224.8,23.3,7,Wednesday,0
2026-08-12 08:00:00,1.881,1.881,226.7,25.2,8,Wednesday,0
2026-08-12 09:00:00,0.869,0.869,230.1,27.7,9,Wednesday,0
2026-08-12 10:00:00,1.061,1.061,227.6,30.3,10,Wednesday,0
2026-08-12 11:00:00,1.216,1.216,227.2,31.1,11,Wednesday,0
2026-08-12 12:00:00,1.067,1.067,226.5,30.7,12,Wednesday,0
2026-08-12 13:00:00,1.01,1.01,227.3,31.0,13,Wednesday,0
2026-08-12 14:00:00,1.109,1.109,229.9,32.0,14,Wednesday,0
2026-08-12 15:00:00,1.169,1.169,227.6,31.0,15,Wednesday,0
2026-08-12 16:00:00,1.144,1.144,226.6,31.0,16,Wednesday,0
2026-08-12 17:00:00,2.663,2.663,225.8,30.3,17,Wednesday,0
2026-08-12 18:00:00,2.846,2.846,224.1,28.7,18,Wednesday,0
2026-08-12 19:00:00,2.6,2.6,224.7,26.4,19,Wednesday,0
2026-08-12 20:00:00,2.745,2.745,226.8,24.5,20,Wednesday,0
2026-08-12 21:00:00,2.583,2.583,225.9,22.7,21,Wednesday,0
2026-08-12 22:00:00,1.321,1.321,227.9,21.1,22,Wednesday,0
2026-08-12 23:00:00,1.394,1.394,229.6,18.8,23,Wednesday,0
2026-08-13 00:00:00,0.699,0.699,229.1,18.4,0,Thursday,0
2026-08-13 01:00:00,0.783,0.783,231.0,18.5,1,Thursday,0
2026-08-13 02:00:00,0.666,0.666,227.1,17.9,2,Thursday,0
2026-08-13 03:00:00,2.7626,2.7626,230.8,17.7,3,Thursday,0
2026-08-13 04:00:00,2.8424,2.8424,228.6,18.5,4,Thursday,0
2026-08-13 05:00:00,0.932,0.932,227.7,21.0,5,Thursday,0
2026-08-13 06:00:00,1.894,1.894,227.4,21.1,6,Thursday,0
2026-08-13 07:00:00,1.857,1.857,226.2,24.7,7,Thursday,0
2026-08-13 08:00:00,1.899,1.899,227.6,25.5,8,Thursday,0
2026-08-13 09:00:00,0.995,0.995,229.6,27.2,9,Thursday,0
2026-08-13 10:00:00,0.962,0.962,228.1,29.6,10,Thursday,0
2026-08-13 11:00:00,1.187,1.187,226.9,30.1,11,Thursday,0
2026-08-13 12:00:00,1.059,1.059,228.1,31.4,12,Thursday,0
2026-08-13 13:00:00,1.105,1.105,228.1,32.8,13,Thursday,0
2026-08-13 14:00:00,1.15,1.15,228.7,30.9,14,Thursday,0
2026-08-13 15:00:00,1.065,1.065,228.3,33.5,15,Thursday,0
2026-08-13 16:00:00,1.216,1.216,227.7,31.3,16,Thursday,0
2026-08-13 17:00:00,2.699,2.699,225.4,30.2,17,Thursday,0
2026-08-13 18:00:00,2.666,2.666,226.5,28.1,18,Thursday,0
2026-08-13 19:00:00,2.661,2.661,224.4,26.0,19,Thursday,0
2026-08-13 20:00:00,2.528,2.528,224.8,26.0,20,Thursday,0
2026-08-13 21:00:00,2.775,2.775,224.9,23.5,21,Thursday,0
2026-08-13 22:00:00,1.42,1.42,225.7,21.1,22,Thursday,0
2026-08-13 23:00:00,1.305,1.305,227.0,18.3,23,Thursday,0
2026-08-14 00:00:00,0.787,0.787,228.9,18.1,0,Friday,0
2026-08-14 01:00:00,0.628,0.628,229.9,17.8,1,Friday,0
2026-08-14 02:00:00,0.722,0.722,230.9,18.5,2,Friday,0
2026-08-14 03:00:00,0.608,0.608,228.1,17.4,3,Friday,0
2026-08-14 04:00:00,0.749,0.749,228.4,18.9,4,Friday,0
2026-08-14 05:00:00,0.63,0.63,230.6,20.3,5,Friday,0
2026-08-14 06:00:00,1.899,1.899,227.0,21.4,6,Friday,0
2026-08-14 07:00:00,1.856,1.856,227.2,23.6,7,Friday,0
2026-08-14 08:00:00,1.916,1.916,226.8,25.5,8,Friday,0
2026-08-14 09:00:00,0.903,0.903,230.1,27.4,9,Friday,0
2026-08-14 10:00:00,1.054,1.054,228.1,28.0,10,Friday,0
2026-08-14 11:00:00,0.92,0.92,227.5,28.8,11,Friday,0
2026-08-14 12:00:00,1.038,1.038,227.6,31.7,12,Friday,0
2026-08-14 13:00:00,1.054,1.054,225.2,30.2,13,Friday,0
2026-08-14 14:00:00,1.151,1.151,228.9,30.7,14,Friday,0
2026-08-14 15:00:00,1.013,1.013,228.1,32.1,15,Friday,0
2026-08-14 16:00:00,0.997,0.997,230.0,31.1,16,Friday,0
2026-08-14 17:00:00,2.632,2.632,225.3,30.7,17,Friday,0
2026-08-14 18:00:00,2.487,2.487,225.2,28.7,18,Friday,0
2026-08-14 19:00:00,2.57,2.57,225.0,26.3,19,Friday,0
2026-08-14 20:00:00,2.701,2.701,224.5,26.4,20,Friday,0
2026-08-14 21:00:00,2.762,2.762,226.1,23.6,21,Friday,0
2026-08-14 22:00:00,1.218,1.218,228.6,21.5,22,Friday,0
2026-08-14 23:00:00,1.342,1.342,228.3,20.4,23,Friday,0
2026-08-15 00:00:00,0.807,0.807,230.1,19.8,0,Saturday,1
2026-08-15 01:00:00,1.016,1.016,227.3,18.4,1,Saturday,1
2026-08-15 02:00:00,0.866,0.866,227.7,19.4,2,Saturday,1
2026-08-15 03:00:00,0.824,0.824,229.0,17.9,3,Saturday,1
2026-08-15 04:00:00,0.804,0.804,228.5,19.4,4,Saturday,1
2026-08-15 05:00:00,0.988,0.988,228.7,21.8,5,Saturday,1
2026-08-15 06:00:00,1.34,1.34,228.3,21.5,6,Saturday,1
2026-08-15 07:00:00,1.309,1.309,225.6,22.4,7,Saturday,1
2026-08-15 08:00:00,1.382,1.382,226.9,25.3,8,Saturday,1
2026-08-15 09:00:00,1.592,1.592,225.4,28.1,9,Saturday,1
2026-08-15 10:00:00,1.774,1.774,228.8,28.7,10,Saturday,1
2026-08-15 11:00:00,1.776,1.776,226.8,29.6,11,Saturday,1
2026-08-15 12:00:00,2.061,2.061,227.1,30.9,12,Saturday,1
2026-08-15 13:00:00,2.108,2.108,227.9,30.5,13,Saturday,1
2026-08-15 14:00:00,2.022,2.022,227.0,31.5,14,Saturday,1
2026-08-15 15:00:00,1.946,1.946,225.7,32.0,15,Saturday,1
2026-08-15 16:00:00,2.084,2.084,226.9,31.0,16,Saturday,1
2026-08-15 17:00:00,2.892,2.892,221.4,29.7,17,Saturday,1
2026-08-15 18:00:00,2.691,2.691,224.7,29.4,18,Saturday,1
2026-08-15 19:00:00,2.726,2.726,226.5,25.9,19,Saturday,1
2026-08-15 20:00:00,2.858,2.858,224.8,24.6,20,Saturday,1
2026-08-15 21:00:00,2.836,2.836,223.4,23.6,21,Saturday,1
2026-08-15 22:00:00,1.23,1.23,225.9,22.3,22,Saturday,1
2026-08-15 23:00:00,1.39,1.39,228.5,19.7,23,Saturday,1
2026-08-16 00:00:00,0.822,0.822,228.1,18.7,0,Sunday,1
2026-08-16 01:00:00,0.881,0.881,228.9,19.9,1,Sunday,1
2026-08-16 02:00:00,0.869,0.869,228.1,18.8,2,Sunday,1
2026-08-16 03:00:00,0.844,0.844,228.4,18.1,3,Sunday,1
2026-08-16 04:00:00,0.854,0.854,229.3,19.5,4,Sunday,1
2026-08-16 05:00:00,0.856,0.856,226.1,20.0,5,Sunday,1
2026-08-16 06:00:00,1.358,1.358,228.8,22.2,6,Sunday,1
2026-08-16 07:00:00,1.497,1.497,227.1,20.9,7,Sunday,1
2026-08-16 08:00:00,1.247,1.247,228.5,25.9,8,Sunday,1
2026-08-16 09:00:00,1.64,1.64,229.3,26.0,9,Sunday,1
2026-08-16 10:00:00,1.707,1.707,228.0,28.3,10,Sunday,1
2026-08-16 11:00:00,2.002,2.002,226.8,30.3,11,Sunday,1
2026-08-16 12:00:00,1.985,1.985,226.7,33.0,12,Sunday,1
2026-08-16 13:00:00,2.078,2.078,227.7,32.6,13,Sunday,1
2026-08-16 14:00:00,1.899,1.899,228.5,32.5,14,Sunday,1
2026-08-16 15:00:00,2.014,2.014,225.5,30.8,15,Sunday,1
2026-08-16 16:00:00,2.016,2.016,226.8,31.0,16,Sunday,1
2026-08-16 17:00:00,2.959,2.959,225.2,30.3,17,Sunday,1
2026-08-16 18:00:00,2.907,2.907,226.2,28.3,18,Sunday,1
2026-08-16 19:00:00,2.878,2.878,225.7,25.8,19,Sunday,1
2026-08-16 20:00:00,2.94,2.94,224.5,24.8,20,Sunday,1
2026-08-16 21:00:00,2.816,2.816,224.9,23.3,21,Sunday,1
2026-08-16 22:00:00,1.155,1.155,229.8,20.6,22,Sunday,1
2026-08-16 23:00:00,1.191,1.191,225.3,19.4,23,Sunday,1
2026-08-17 00:00:00,0.624,0.624,230.8,18.4,0,Monday,0
2026-08-17 01:00:00,0.675,0.675,231.5,19.0,1,Monday,0
2026-08-17 02:00:00,0.704,0.704,225.7,18.8,2,Monday,0
2026-08-17 03:00:00,0.619,0.619,226.9,20.1,3,Monday,0
2026-08-17 04:00:00,0.925,0.925,230.0,19.8,4,Monday,0
2026-08-17 05:00:00,0.778,0.778,229.6,20.5,5,Monday,0
2026-08-17 06:00:00,1.832,1.832,226.8,22.1,6,Monday,0
2026-08-17 07:00:00,1.75,1.75,226.5,23.1,7,Monday,0
2026-08-17 08:00:00,1.802,1.802,225.6,23.6,8,Monday,0
2026-08-17 09:00:00,0.924,0.924,230.0,25.9,9,Monday,0
2026-08-17 10:00:00,0.784,0.784,227.4,29.2,10,Monday,0
2026-08-17 11:00:00,1.011,1.011,227.9,30.7,11,Monday,0
2026-08-17 12:00:00,1.013,1.013,228.3,31.5,12,Monday,0
2026-08-17 13:00:00,1.042,1.042,228.5,30.7,13,Monday,0
2026-08-17 14:00:00,1.125,1.125,228.0,30.7,14,Monday,0
2026-08-17 15:00:00,1.108,1.108,229.6,32.2,15,Monday,0
2026-08-17 16:00:00,1.056,1.056,228.2,31.2,16,Monday,0
2026-08-17 17:00:00,2.654,2.654,225.3,30.4,17,Monday,0
2026-08-17 18:00:00,2.597,2.597,223.6,27.9,18,Monday,0
2026-08-17 19:00:00,2.55,2.55,224.6,28.2,19,Monday,0
2026-08-17 20:00:00,2.722,2.722,224.7,24.4,20,Monday,0
2026-08-17 21:00:00,2.596,2.596,225.7,24.2,21,Monday,0
2026-08-17 22:00:00,1.442,1.442,226.0,20.8,22,Monday,0
2026-08-17 23:00:00,1.321,1.321,228.1,20.3,23,Monday,0
2026-08-18 00:00:00,0.72,0.72,228.8,18.8,0,Tuesday,0
2026-08-18 01:00:00,0.807,0.807,231.2,18.1,1,Tuesday,0
2026-08-18 02:00:00,0.62,0.62,228.8,17.6,2,Tuesday,0
2026-08-18 03:00:00,0.666,0.666,230.8,20.3,3,Tuesday,0
2026-08-18 04:00:00,0.686,0.686,229.4,20.3,4,Tuesday,0
2026-08-18 05:00:00,0.7,0.7,228.5,21.4,5,Tuesday,0
2026-08-18 06:00:00,1.729,1.729,226.1,21.0,6,Tuesday,0
2026-08-18 07:00:00,1.813,1.813,225.8,22.2,7,Tuesday,0
2026-08-18 08:00:00,1.686,1.686,227.4,25.2,8,Tuesday,0
2026-08-18 09:00:00,0.751,0.751,229.1,27.5,9,Tuesday,0
2026-08-18 10:00:00,0.813,0.813,230.5,29.5,10,Tuesday,0
2026-08-18 11:00:00,1.034,1.034,228.1,30.3,11,Tuesday,0
2026-08-18 12:00:00,1.096,1.096,228.7,31.5,12,Tuesday,0
2026-08-18 13:00:00,1.104,1.104,226.3,31.0,13,Tuesday,0
2026-08-18 14:00:00,1.018,1.018,227.3,31.9,14,Tuesday,0
2026-08-18 15:00:00,1.177,1.177,228.6,32.8,15,Tuesday,0
2026-08-18 16:00:00,1.065,1.065,229.5,30.2,16,Tuesday,0
2026-08-18 17:00:00,2.836,2.836,225.4,30.1,17,Tuesday,0
2026-08-18 18:00:00,2.625,2.625,225.4,28.7,18,Tuesday,0
2026-08-18 19:00:00,2.707,2.707,226.3,26.7,19,Tuesday,0
2026-08-18 20:00:00,2.544,2.544,223.2,24.4,20,Tuesday,0
2026-08-18 21:00:00,2.562,2.562,222.8,23.6,21,Tuesday,0
2026-08-18 22:00:00,1.469,1.469,227.3,21.8,22,Tuesday,0
2026-08-18 23:00:00,1.277,1.277,227.6,20.7,23,Tuesday,0
2026-08-19 00:00:00,0.707,0.707,229.0,19.7,0,Wednesday,0
2026-08-19 01:00:00,0.677,0.677,230.0,18.5,1,Wednesday,0
2026-08-19 02:00:00,0.67,0.67,229.4,17.9,2,Wednesday,0
2026-08-19 03:00:00,0.732,0.732,228.7,17.5,3,Wednesday,0
2026-08-19 04:00:00,0.768,0.768,228.6,19.8,4,Wednesday,0
2026-08-19 05:00:00,0.841,0.841,229.2,20.7,5,Wednesday,0
2026-08-19 06:00:00,1.705,1.705,225.7,21.5,6,Wednesday,0
2026-08-19 07:00:00,1.761,1.761,226.6,22.9,7,Wednesday,0
2026-08-19 08:00:00,1.852,1.852,226.6,25.0,8,Wednesday,0
2026-08-19 09:00:00,0.915,0.915,226.0,27.2,9,Wednesday,0
2026-08-19 10:00:00,0.898,0.898,226.9,27.7,10,Wednesday,0
2026-08-19 11:00:00,1.212,1.212,229.3,30.4,11,Wednesday,0
2026-08-19 12:00:00,1.209,1.209,228.0,30.9,12,Wednesday,0
2026-08-19 13:00:00,1.041,1.041,227.8,31.5,13,Wednesday,0
2026-08-19 14:00:00,1.104,1.104,228.2,31.7,14,Wednesday,0
2026-08-19 15:00:00,1.125,1.125,229.4,31.8,15,Wednesday,0
2026-08-19 16:00:00,0.971,0.971,225.2,31.8,16,Wednesday,0
2026-08-19 17:00:00,2.541,2.541,225.2,30.7,17,Wednesday,0
2026-08-19 18:00:00,2.506,2.506,226.1,27.6,18,Wednesday,0
2026-08-19 19:00:00,2.604,2.604,222.2,27.4,19,Wednesday,0
2026-08-19 20:00:00,2.681,2.681,223.4,24.6,20,Wednesday,0
2026-08-19 21:00:00,2.649,2.649,225.9,23.3,21,Wednesday,0
2026-08-19 22:00:00,1.192,1.192,229.3,21.6,22,Wednesday,0
2026-08-19 23:00:00,1.268,1.268,226.6,19.9,23,Wednesday,0
2026-08-20 00:00:00,0.659,0.659,228.6,18.6,0,Thursday,0
2026-08-20 01:00:00,0.62,0.62,226.9,19.6,1,Thursday,0
2026-08-20 02:00:00,0.713,0.713,227.9,19.2,2,Thursday,0
2026-08-20 03:00:00,0.682,0.682,231.0,19.1,3,Thursday,0
2026-08-20 04:00:00,0.691,0.691,231.3,19.5,4,Thursday,0
2026-08-20 05:00:00,0.789,0.789,228.9,19.6,5,Thursday,0
2026-08-20 06:00:00,1.935,1.935,226.6,22.5,6,Thursday,0
2026-08-20 07:00:00,1.847,1.847,225.9,22.6,7,Thursday,0
2026-08-20 08:00:00,1.821,1.821,226.3,26.6,8,Thursday,0
2026-08-20 09:00:00,0.802,0.802,227.4,27.0,9,Thursday,0
2026-08-20 10:00:00,0.857,0.857,227.2,29.5,10,Thursday,0
2026-08-20 11:00:00,1.185,1.185,228.7,30.4,11,Thursday,0
2026-08-20 12:00:00,1.029,1.029,226.4,31.9,12,Thursday,0
2026-08-20 13:00:00,1.064,1.064,227.8,33.0,13,Thursday,0
2026-08-20 14:00:00,1.134,1.134,228.5,33.1,14,Thursday,0
2026-08-20 15:00:00,1.039,1.039,229.2,33.5,15,Thursday,0
2026-08-20 16:00:00,1.111,1.111,229.8,31.1,16,Thursday,0
2026-08-20 17:00:00,2.693,2.693,226.4,30.4,17,Thursday,0
2026-08-20 18:00:00,2.583,2.583,224.1,28.2,18,Thursday,0
2026-08-20 19:00:00,2.814,2.814,223.6,25.2,19,Thursday,0
2026-08-20 20:00:00,2.628,2.628,225.6,24.8,20,Thursday,0
2026-08-20 21:00:00,2.719,2.719,224.4,23.8,21,Thursday,0
2026-08-20 22:00:00,1.293,1.293,227.4,21.4,22,Thursday,0
2026-08-20 23:00:00,1.309,1.309,228.5,21.3,23,Thursday,0
2026-08-21 00:00:00,0.824,0.824,228.7,19.5,0,Friday,0
2026-08-21 01:00:00,0.762,0.762,227.8,17.2,1,Friday,0
2026-08-21 02:00:00,0.777,0.777,230.1,17.6,2,Friday,0
2026-08-21 03:00:00,0.755,0.755,230.7,18.3,3,Friday,0
2026-08-21 04:00:00,0.938,0.938,229.0,19.1,4,Friday,0
2026-08-21 05:00:00,0.79,0.79,229.0,18.6,5,Friday,0
2026-08-21 06:00:00,1.864,1.864,226.5,22.5,6,Friday,0
2026-08-21 07:00:00,1.793,1.793,225.8,22.2,7,Friday,0
2026-08-21 08:00:00,1.857,1.857,228.7,24.5,8,Friday,0
2026-08-21 09:00:00,0.814,0.814,229.1,27.1,9,Friday,0
2026-08-21 10:00:00,0.861,0.861,228.3,29.5,10,Friday,0
2026-08-21 11:00:00,0.847,0.847,229.3,30.0,11,Friday,0
2026-08-21 12:00:00,1.124,1.124,226.9,31.0,12,Friday,0
2026-08-21 13:00:00,1.148,1.148,227.5,31.4,13,Friday,0
2026-08-21 14:00:00,1.058,1.058,228.4,33.4,14,Friday,0
2026-08-21 15:00:00,0.977,0.977,226.1,32.5,15,Friday,0
2026-08-21 16:00:00,1.011,1.011,227.5,29.8,16,Friday,0
2026-08-21 17:00:00,2.605,2.605,225.5,32.0,17,Friday,0
2026-08-21 18:00:00,2.81,2.81,227.4,29.7,18,Friday,0
2026-08-21 19:00:00,2.732,2.732,225.8,27.8,19,Friday,0
2026-08-21 20:00:00,2.606,2.606,224.3,25.6,20,Friday,0
2026-08-21 21:00:00,2.636,2.636,224.7,23.2,21,Friday,0
2026-08-21 22:00:00,1.346,1.346,227.7,22.1,22,Friday,0
2026-08-21 23:00:00,1.179,1.179,227.6,21.2,23,Friday,0
2026-08-22 00:00:00,0.701,0.701,228.6,18.4,0,Saturday,1
2026-08-22 01:00:00,0.971,0.971,229.0,18.1,1,Saturday,1
2026-08-22 02:00:00,0.998,0.998,229.7,17.2,2,Saturday,1
2026-08-22 03:00:00,0.832,0.832,227.4,18.7,3,Saturday,1
2026-08-22 04:00:00,0.937,0.937,230.6,18.6,4,Saturday,1
2026-08-22 05:00:00,0.811,0.811,227.2,21.3,5,Saturday,1
2026-08-22 06:00:00,1.189,1.189,228.2,21.6,6,Saturday,1
2026-08-22 07:00:00,1.293,1.293,225.8,23.1,7,Saturday,1
2026-08-22 08:00:00,1.287,1.287,226.3,25.4,8,Saturday,1
2026-08-22 09:00:00,1.688,1.688,229.1,24.5,9,Saturday,1
2026-08-22 10:00:00,1.653,1.653,226.3,29.8,10,Saturday,1
2026-08-22 11:00:00,1.91,1.91,226.9,30.3,11,Saturday,1
2026-08-22 12:00:00,2.088,2.088,226.1,31.7,12,Saturday,1
2026-08-22 13:00:00,1.92,1.92,225.6,31.6,13,Saturday,1
2026-08-22 14:00:00,2.019,2.019,227.5,31.8,14,Saturday,1
2026-08-22 15:00:00,2.109,2.109,225.9,31.1,15,Saturday,1
2026-08-22 16:00:00,1.93,1.93,223.6,31.0,16,Saturday,1
2026-08-22 17:00:00,2.889,2.889,224.5,30.7,17,Saturday,1
2026-08-22 18:00:00,2.871,2.871,223.0,28.6,18,Saturday,1
2026-08-22 19:00:00,2.894,2.894,223.3,26.4,19,Saturday,1
2026-08-22 20:00:00,2.721,2.721,225.7,25.2,20,Saturday,1
2026-08-22 21:00:00,2.701,2.701,226.5,23.2,21,Saturday,1
2026-08-22 22:00:00,1.205,1.205,228.1,20.9,22,Saturday,1
2026-08-22 23:00:00,1.189,1.189,227.9,21.0,23,Saturday,1
2026-08-23 00:00:00,0.905,0.905,228.6,19.3,0,Sunday,1
2026-08-23 01:00:00,0.784,0.784,228.7,17.9,1,Sunday,1
2026-08-23 02:00:00,0.616,0.616,229.4,17.1,2,Sunday,1
2026-08-23 03:00:00,0.661,0.661,227.6,19.0,3,Sunday,1
2026-08-23 04:00:00,1.015,1.015,228.2,19.4,4,Sunday,1
2026-08-23 05:00:00,0.835,0.835,230.1,19.5,5,Sunday,1
2026-08-23 06:00:00,1.266,1.266,227.1,21.0,6,Sunday,1
2026-08-23 07:00:00,1.34,1.34,229.5,22.4,7,Sunday,1
2026-08-23 08:00:00,1.31,1.31,227.3,25.3,8,Sunday,1
2026-08-23 09:00:00,1.761,1.761,226.7,25.6,9,Sunday,1
2026-08-23 10:00:00,1.945,1.945,226.9,28.4,10,Sunday,1
2026-08-23 11:00:00,1.656,1.656,228.4,29.3,11,Sunday,1
2026-08-23 12:00:00,1.875,1.875,227.7,31.2,12,Sunday,1
2026-08-23 13:00:00,2.14,2.14,227.4,31.2,13,Sunday,1
2026-08-23 14:00:00,2.092,2.092,226.3,31.6,14,Sunday,1
2026-08-23 15:00:00,2.029,2.029,225.3,32.4,15,Sunday,1
2026-08-23 16:00:00,2.072,2.072,225.9,30.5,16,Sunday,1
2026-08-23 17:00:00,2.754,2.754,225.6,29.6,17,Sunday,1
2026-08-23 18:00:00,2.745,2.745,225.1,30.2,18,Sunday,1
2026-08-23 19:00:00,2.824,2.824,225.5,27.9,19,Sunday,1
2026-08-23 20:00:00,2.864,2.864,224.6,24.2,20,Sunday,1
2026-08-23 21:00:00,2.925,2.925,227.8,24.0,21,Sunday,1
2026-08-23 22:00:00,1.296,1.296,227.9,22.0,22,Sunday,1
2026-08-23 23:00:00,1.297,1.297,227.3,19.8,23,Sunday,1
2026-08-24 00:00:00,0.835,0.835,227.3,19.1,0,Monday,0
2026-08-24 01:00:00,0.835,0.835,228.4,19.2,1,Monday,0
2026-08-24 02:00:00,0.681,0.681,230.3,16.3,2,Monday,0
2026-08-24 03:00:00,0.65,0.65,228.2,18.2,3,Monday,0
2026-08-24 04:00:00,0.774,0.774,228.3,19.6,4,Monday,0
2026-08-24 05:00:00,0.699,0.699,227.6,19.8,5,Monday,0
2026-08-24 06:00:00,1.784,1.784,228.2,22.8,6,Monday,0
2026-08-24 07:00:00,1.89,1.89,226.1,24.4,7,Monday,0
2026-08-24 08:00:00,1.808,1.808,225.7,25.3,8,Monday,0
2026-08-24 09:00:00,0.816,0.816,230.0,27.1,9,Monday,0
2026-08-24 10:00:00,0.926,0.926,228.7,28.1,10,Monday,0
2026-08-24 11:00:00,0.957,0.957,227.7,29.7,11,Monday,0
2026-08-24 12:00:00,0.982,0.982,228.4,31.8,12,Monday,0
2026-08-24 13:00:00,1.01,1.01,227.4,33.3,13,Monday,0
2026-08-24 14:00:00,1.104,1.104,228.4,32.4,14,Monday,0
2026-08-24 15:00:00,1.141,1.141,229.3,32.2,15,Monday,0
2026-08-24 16:00:00,1.071,1.071,228.9,31.4,16,Monday,0
2026-08-24 17:00:00,2.639,2.639,224.1,31.5,17,Monday,0
2026-08-24 18:00:00,2.64,2.64,222.6,29.4,18,Monday,0
2026-08-24 19:00:00,2.607,2.607,225.2,27.5,19,Monday,0
2026-08-24 20:00:00,2.665,2.665,226.1,25.3,20,Monday,0
2026-08-24 21:00:00,2.691,2.691,224.8,22.8,21,Monday,0
2026-08-24 22:00:00,1.319,1.319,226.5,22.1,22,Monday,0
2026-08-24 23:00:00,1.227,1.227,228.8,20.9,23,Monday,0
2026-08-25 00:00:00,0.877,0.877,228.2,19.2,0,Tuesday,0
2026-08-25 01:00:00,0.728,0.728,228.3,18.0,1,Tuesday,0
2026-08-25 02:00:00,0.601,0.601,227.7,18.6,2,Tuesday,0
2026-08-25 03:00:00,0.806,0.806,230.6,17.4,3,Tuesday,0
2026-08-25 04:00:00,0.716,0.716,228.8,18.9,4,Tuesday,0
2026-08-25 05:00:00,0.656,0.656,229.1,21.0,5,Tuesday,0
2026-08-25 06:00:00,1.85,1.85,226.9,22.3,6,Tuesday,0
2026-08-25 07:00:00,1.594,1.594,227.9,24.0,7,Tuesday,0
2026-08-25 08:00:00,1.664,1.664,227.6,24.5,8,Tuesday,0
2026-08-25 09:00:00,0.899,0.899,229.5,27.9,9,Tuesday,0
2026-08-25 10:00:00,1.015,1.015,230.1,29.8,10,Tuesday,0
2026-08-25 11:00:00,1.096,1.096,226.1,30.5,11,Tuesday,0
2026-08-25 12:00:00,1.023,1.023,230.8,30.9,12,Tuesday,0
2026-08-25 13:00:00,1.1,1.1,228.7,31.6,13,Tuesday,0
2026-08-25 14:00:00,1.226,1.226,227.0,32.0,14,Tuesday,0
2026-08-25 15:00:00,1.031,1.031,226.6,31.9,15,Tuesday,0
2026-08-25 16:00:00,1.087,1.087,227.5,30.6,16,Tuesday,0
2026-08-25 17:00:00,2.537,2.537,225.3,29.4,17,Tuesday,0
2026-08-25 18:00:00,2.711,2.711,225.2,27.3,18,Tuesday,0
2026-08-25 19:00:00,2.625,2.625,224.4,25.6,19,Tuesday,0
2026-08-25 20:00:00,2.757,2.757,222.8,25.3,20,Tuesday,0
2026-08-25 21:00:00,2.637,2.637,226.1,23.3,21,Tuesday,0
2026-08-25 22:00:00,1.21,1.21,227.4,21.7,22,Tuesday,0
2026-08-25 23:00:00,1.356,1.356,227.6,19.4,23,Tuesday,0
2026-08-26 00:00:00,0.725,0.725,227.8,20.5,0,Wednesday,0
2026-08-26 01:00:00,0.586,0.586,227.0,17.0,1,Wednesday,0
2026-08-26 02:00:00,0.771,0.771,226.7,18.2,2,Wednesday,0
2026-08-26 03:00:00,0.691,0.691,228.9,19.0,3,Wednesday,0
2026-08-26 04:00:00,0.802,0.802,228.2,20.2,4,Wednesday,0
2026-08-26 05:00:00,0.558,0.558,228.1,19.3,5,Wednesday,0
2026-08-26 06:00:00,1.731,1.731,226.7,21.3,6,Wednesday,0
2026-08-26 07:00:00,1.792,1.792,226.0,23.2,7,Wednesday,0
2026-08-26 08:00:00,1.845,1.845,225.4,25.1,8,Wednesday,0
2026-08-26 09:00:00,0.902,0.902,228.4,27.9,9,Wednesday,0
2026-08-26 10:00:00,0.929,0.929,229.5,29.1,10,Wednesday,0
2026-08-26 11:00:00,1.041,1.041,228.6,30.2,11,Wednesday,0
2026-08-26 12:00:00,1.099,1.099,228.0,30.1,12,Wednesday,0
2026-08-26 13:00:00,1.08,1.08,225.8,31.6,13,Wednesday,0
2026-08-26 14:00:00,1.097,1.097,228.2,31.6,14,Wednesday,0
2026-08-26 15:00:00,1.191,1.191,226.8,30.9,15,Wednesday,0
2026-08-26 16:00:00,1.124,1.124,227.2,31.8,16,Wednesday,0
2026-08-26 17:00:00,2.555,2.555,226.5,31.4,17,Wednesday,0
2026-08-26 18:00:00,2.596,2.596,227.0,29.3,18,Wednesday,0
2026-08-26 19:00:00,6.415,6.415,211.0,26.6,19,Wednesday,0
2026-08-26 20:00:00,2.715,2.715,226.1,24.9,20,Wednesday,0
2026-08-26 21:00:00,2.754,2.754,223.0,21.8,21,Wednesday,0
2026-08-26 22:00:00,1.36,1.36,226.2,22.3,22,Wednesday,0
2026-08-26 23:00:00,1.182,1.182,227.6,19.7,23,Wednesday,0
2026-08-27 00:00:00,0.792,0.792,230.1,18.7,0,Thursday,0
2026-08-27 01:00:00,0.685,0.685,228.5,19.4,1,Thursday,0
2026-08-27 02:00:00,0.666,0.666,230.0,16.7,2,Thursday,0
2026-08-27 03:00:00,0.631,0.631,228.2,19.5,3,Thursday,0
2026-08-27 04:00:00,0.752,0.752,227.7,18.9,4,Thursday,0
2026-08-27 05:00:00,0.692,0.692,228.7,20.4,5,Thursday,0
2026-08-27 06:00:00,1.811,1.811,226.2,21.9,6,Thursday,0
2026-08-27 07:00:00,1.803,1.803,226.3,23.1,7,Thursday,0
2026-08-27 08:00:00,1.938,1.938,227.2,24.8,8,Thursday,0
2026-08-27 09:00:00,0.966,0.966,227.9,26.6,9,Thursday,0
2026-08-27 10:00:00,0.94,0.94,228.2,29.4,10,Thursday,0
2026-08-27 11:00:00,0.964,0.964,226.9,30.3,11,Thursday,0
2026-08-27 12:00:00,1.101,1.101,230.1,30.1,12,Thursday,0
2026-08-27 13:00:00,1.141,1.141,228.5,33.5,13,Thursday,0
2026-08-27 14:00:00,1.047,1.047,227.2,30.6,14,Thursday,0
2026-08-27 15:00:00,1.077,1.077,227.5,31.3,15,Thursday,0
2026-08-27 16:00:00,0.97,0.97,227.0,29.5,16,Thursday,0
2026-08-27 17:00:00,2.816,2.816,223.8,30.1,17,Thursday,0
2026-08-27 18:00:00,2.627,2.627,226.6,26.5,18,Thursday,0
2026-08-27 19:00:00,2.552,2.552,226.0,28.4,19,Thursday,0
2026-08-27 20:00:00,2.642,2.642,228.4,24.6,20,Thursday,0
2026-08-27 21:00:00,2.67,2.67,225.8,22.0,21,Thursday,0
2026-08-27 22:00:00,1.278,1.278,228.1,22.4,22,Thursday,0
2026-08-27 23:00:00,1.292,1.292,227.3,19.7,23,Thursday,0
2026-08-28 00:00:00,0.7,0.7,229.2,19.4,0,Friday,0
2026-08-28 01:00:00,0.82,0.82,228.5,18.2,1,Friday,0
2026-08-28 02:00:00,0.831,0.831,227.4,16.6,2,Friday,0
2026-08-28 03:00:00,0.682,0.682,230.4,17.7,3,Friday,0
2026-08-28 04:00:00,0.981,0.981,229.5,17.2,4,Friday,0
2026-08-28 05:00:00,0.726,0.726,229.0,20.2,5,Friday,0
2026-08-28 06:00:00,1.862,1.862,227.3,21.9,6,Friday,0
2026-08-28 07:00:00,1.794,1.794,226.6,23.3,7,Friday,0
2026-08-28 08:00:00,1.901,1.901,227.3,24.8,8,Friday,0
2026-08-28 09:00:00,0.962,0.962,228.5,24.5,9,Friday,0
2026-08-28 10:00:00,0.879,0.879,229.8,28.5,10,Friday,0
2026-08-28 11:00:00,1.028,1.028,228.6,30.7,11,Friday,0
2026-08-28 12:00:00,0.98,0.98,227.5,30.3,12,Friday,0
2026-08-28 13:00:00,1.166,1.166,228.5,32.5,13,Friday,0
2026-08-28 14:00:00,1.131,1.131,227.2,32.6,14,Friday,0
2026-08-28 15:00:00,1.154,1.154,228.8,32.1,15,Friday,0
2026-08-28 16:00:00,1.147,1.147,228.4,32.0,16,Friday,0
2026-08-28 17:00:00,2.648,2.648,224.2,30.8,17,Friday,0
2026-08-28 18:00:00,2.59,2.59,224.5,28.4,18,Friday,0
2026-08-28 19:00:00,2.587,2.587,225.0,26.7,19,Friday,0
2026-08-28 20:00:00,2.667,2.667,225.2,23.5,20,Friday,0
2026-08-28 21:00:00,2.703,2.703,226.3,22.5,21,Friday,0
2026-08-28 22:00:00,1.209,1.209,226.9,20.2,22,Friday,0
2026-08-28 23:00:00,1.336,1.336,227.4,19.3,23,Friday,0
2026-08-29 00:00:00,0.69,0.69,229.5,18.7,0,Saturday,1
2026-08-29 01:00:00,0.855,0.855,228.8,17.2,1,Saturday,1
2026-08-29 02:00:00,0.745,0.745,225.0,19.1,2,Saturday,1
2026-08-29 03:00:00,0.994,0.994,229.7,18.4,3,Saturday,1
2026-08-29 04:00:00,0.811,0.811,229.5,19.1,4,Saturday,1
2026-08-29 05:00:00,0.888,0.888,229.0,19.3,5,Saturday,1
2026-08-29 06:00:00,1.551,1.551,227.7,22.3,6,Saturday,1
2026-08-29 07:00:00,1.328,1.328,225.5,22.8,7,Saturday,1
2026-08-29 08:00:00,1.297,1.297,227.0,24.4,8,Saturday,1
2026-08-29 09:00:00,1.624,1.624,228.4,26.9,9,Saturday,1
2026-08-29 10:00:00,1.689,1.689,226.6,28.5,10,Saturday,1
2026-08-29 11:00:00,2.056,2.056,225.3,30.1,11,Saturday,1
2026-08-29 12:00:00,1.966,1.966,224.8,30.5,12,Saturday,1
2026-08-29 13:00:00,1.952,1.952,227.5,31.1,13,Saturday,1
2026-08-29 14:00:00,2.005,2.005,227.4,32.2,14,Saturday,1
2026-08-29 15:00:00,2.021,2.021,226.2,31.7,15,Saturday,1
2026-08-29 16:00:00,1.943,1.943,223.6,31.3,16,Saturday,1
2026-08-29 17:00:00,2.944,2.944,225.8,29.8,17,Saturday,1
2026-08-29 18:00:00,2.929,2.929,224.8,29.3,18,Saturday,1
2026-08-29 19:00:00,2.781,2.781,224.6,27.0,19,Saturday,1
2026-08-29 20:00:00,2.926,2.926,224.6,25.5,20,Saturday,1
2026-08-29 21:00:00,2.83,2.83,225.6,22.8,21,Saturday,1
2026-08-29 22:00:00,1.086,1.086,227.4,20.3,22,Saturday,1
2026-08-29 23:00:00,1.229,1.229,227.6,19.1,23,Saturday,1
2026-08-30 00:00:00,0.966,0.966,228.7,18.6,0,Sunday,1
2026-08-30 01:00:00,0.9,0.9,227.0,18.5,1,Sunday,1
2026-08-30 02:00:00,0.844,0.844,229.3,18.8,2,Sunday,1
2026-08-30 03:00:00,0.726,0.726,229.7,17.4,3,Sunday,1
2026-08-30 04:00:00,0.778,0.778,227.6,19.2,4,Sunday,1
2026-08-30 05:00:00,0.755,0.755,230.6,21.0,5,Sunday,1
2026-08-30 06:00:00,1.381,1.381,227.1,20.8,6,Sunday,1
2026-08-30 07:00:00,1.286,1.286,227.5,23.7,7,Sunday,1
2026-08-30 08:00:00,1.25,1.25,228.6,25.0,8,Sunday,1
2026-08-30 09:00:00,1.672,1.672,225.8,26.4,9,Sunday,1
2026-08-30 10:00:00,1.675,1.675,229.9,26.5,10,Sunday,1
2026-08-30 11:00:00,1.988,1.988,226.1,30.6,11,Sunday,1
2026-08-30 12:00:00,2.034,2.034,224.9,31.1,12,Sunday,1
2026-08-30 13:00:00,2.047,2.047,227.2,32.7,13,Sunday,1
2026-08-30 14:00:00,1.992,1.992,227.2,32.4,14,Sunday,1
2026-08-30 15:00:00,1.962,1.962,225.8,32.2,15,Sunday,1
2026-08-30 16:00:00,2.114,2.114,224.7,31.1,16,Sunday,1
2026-08-30 17:00:00,2.843,2.843,224.9,28.8,17,Sunday,1
2026-08-30 18:00:00,2.85,2.85,224.6,28.6,18,Sunday,1
2026-08-30 19:00:00,2.702,2.702,224.1,28.0,19,Sunday,1
2026-08-30 20:00:00,2.699,2.699,224.9,24.9,20,Sunday,1
2026-08-30 21:00:00,2.832,2.832,225.2,24.5,21,Sunday,1
2026-08-30 22:00:00,1.221,1.221,227.4,20.5,22,Sunday,1
2026-08-30 23:00:00,1.373,1.373,228.2,19.8,23,Sunday,1
2026-08-31 00:00:00,0.75,0.75,229.2,18.0,0,Monday,0
2026-08-31 01:00:00,0.856,0.856,227.2,19.2,1,Monday,0
2026-08-31 02:00:00,0.629,0.629,228.6,17.4,2,Monday,0
2026-08-31 03:00:00,0.809,0.809,228.5,18.6,3,Monday,0
2026-08-31 04:00:00,0.742,0.742,227.7,18.7,4,Monday,0
2026-08-31 05:00:00,0.601,0.601,229.1,21.7,5,Monday,0
2026-08-31 06:00:00,1.811,1.811,226.5,23.1,6,Monday,0
2026-08-31 07:00:00,1.796,1.796,228.4,22.9,7,Monday,0
2026-08-31 08:00:00,1.933,1.933,224.8,23.2,8,Monday,0
2026-08-31 09:00:00,0.876,0.876,229.1,26.6,9,Monday,0
2026-08-31 10:00:00,0.947,0.947,230.7,27.2,10,Monday,0
2026-08-31 11:00:00,0.925,0.925,227.5,28.9,11,Monday,0
2026-08-31 12:00:00,1.092,1.092,227.3,31.4,12,Monday,0
2026-08-31 13:00:00,1.234,1.234,227.5,32.2,13,Monday,0
2026-08-31 14:00:00,0.987,0.987,227.1,32.6,14,Monday,0
2026-08-31 15:00:00,1.209,1.209,228.3,32.1,15,Monday,0
2026-08-31 16:00:00,1.09,1.09,226.5,30.8,16,Monday,0
2026-08-31 17:00:00,2.721,2.721,224.6,30.4,17,Monday,0
2026-08-31 18:00:00,2.671,2.671,224.7,28.1,18,Monday,0
2026-08-31 19:00:00,2.818,2.818,224.6,26.8,19,Monday,0
2026-08-31 20:00:00,2.598,2.598,226.2,24.7,20,Monday,0
2026-08-31 21:00:00,2.598,2.598,226.9,23.0,21,Monday,0
2026-08-31 22:00:00,1.222,1.222,225.6,22.6,22,Monday,0
2026-08-31 23:00:00,1.215,1.215,228.8,20.9,23,Monday,0
2026-09-01 00:00:00,0.801,0.801,227.1,17.4,0,Tuesday,0
2026-09-01 01:00:00,0.731,0.731,227.5,18.8,1,Tuesday,0
2026-09-01 02:00:00,0.785,0.785,228.7,17.7,2,Tuesday,0
2026-09-01 03:00:00,0.888,0.888,226.5,18.7,3,Tuesday,0
2026-09-01 04:00:00,0.738,0.738,227.6,20.2,4,Tuesday,0
2026-09-01 05:00:00,0.715,0.715,229.8,19.0,5,Tuesday,0
2026-09-01 06:00:00,1.931,1.931,224.8,21.4,6,Tuesday,0
2026-09-01 07:00:00,1.71,1.71,227.4,23.2,7,Tuesday,0
2026-09-01 08:00:00,1.776,1.776,223.7,25.7,8,Tuesday,0
2026-09-01 09:00:00,0.945,0.945,228.8,27.0,9,Tuesday,0
2026-09-01 10:00:00,0.824,0.824,229.3,29.5,10,Tuesday,0
2026-09-01 11:00:00,0.948,0.948,228.7,30.9,11,Tuesday,0
2026-09-01 12:00:00,1.083,1.083,228.5,30.7,12,Tuesday,0
2026-09-01 13:00:00,1.036,1.036,228.2,31.4,13,Tuesday,0
2026-09-01 14:00:00,1.003,1.003,229.0,31.1,14,Tuesday,0
2026-09-01 15:00:00,1.143,1.143,228.5,30.8,15,Tuesday,0
2026-09-01 16:00:00,0.856,0.856,229.9,29.7,16,Tuesday,0
2026-09-01 17:00:00,2.613,2.613,225.9,29.2,17,Tuesday,0
2026-09-01 18:00:00,2.63,2.63,224.5,29.1,18,Tuesday,0
2026-09-01 19:00:00,2.789,2.789,226.2,27.9,19,Tuesday,0
2026-09-01 20:00:00,2.585,2.585,224.3,25.1,20,Tuesday,0
2026-09-01 21:00:00,2.683,2.683,226.9,23.6,21,Tuesday,0
2026-09-01 22:00:00,1.15,1.15,229.2,22.0,22,Tuesday,0
2026-09-01 23:00:00,1.239,1.239,228.1,19.3,23,Tuesday,0
2026-09-02 00:00:00,0.979,0.979,229.0,20.5,0,Wednesday,0
2026-09-02 01:00:00,0.773,0.773,229.7,18.1,1,Wednesday,0
2026-09-02 02:00:00,0.874,0.874,228.7,17.7,2,Wednesday,0
2026-09-02 03:00:00,0.783,0.783,229.1,18.6,3,Wednesday,0
2026-09-02 04:00:00,0.681,0.681,228.1,19.6,4,Wednesday,0
2026-09-02 05:00:00,0.765,0.765,229.6,19.2,5,Wednesday,0
2026-09-02 06:00:00,1.944,1.944,226.5,21.9,6,Wednesday,0
2026-09-02 07:00:00,1.723,1.723,226.4,23.7,7,Wednesday,0
2026-09-02 08:00:00,1.878,1.878,226.3,25.6,8,Wednesday,0
2026-09-02 09:00:00,0.789,0.789,228.2,26.8,9,Wednesday,0
2026-09-02 10:00:00,0.956,0.956,228.9,29.2,10,Wednesday,0
2026-09-02 11:00:00,0.911,0.911,227.6,30.0,11,Wednesday,0
2026-09-02 12:00:00,1.124,1.124,228.6,31.6,12,Wednesday,0
2026-09-02 13:00:00,0.918,0.918,229.7,31.3,13,Wednesday,0
2026-09-02 14:00:00,1.021,1.021,229.0,31.6,14,Wednesday,0
2026-09-02 15:00:00,1.175,1.175,228.6,31.4,15,Wednesday,0
2026-09-02 16:00:00,0.981,0.981,229.7,31.6,16,Wednesday,0
2026-09-02 17:00:00,2.62,2.62,225.5,30.2,17,Wednesday,0
2026-09-02 18:00:00,2.683,2.683,223.9,27.1,18,Wednesday,0
2026-09-02 19:00:00,2.528,2.528,226.8,25.7,19,Wednesday,0
2026-09-02 20:00:00,2.773,2.773,224.4,24.5,20,Wednesday,0
2026-09-02 21:00:00,2.561,2.561,226.9,21.8,21,Wednesday,0
2026-09-02 22:00:00,1.226,1.226,228.0,21.4,22,Wednesday,0
2026-09-02 23:00:00,1.359,1.359,229.3,20.5,23,Wednesday,0
2026-09-03 00:00:00,0.624,0.624,228.4,18.7,0,Thursday,0
2026-09-03 01:00:00,0.653,0.653,227.7,18.4,1,Thursday,0
2026-09-03 02:00:00,0.726,0.726,228.7,18.3,2,Thursday,0
2026-09-03 03:00:00,0.712,0.712,227.6,17.6,3,Thursday,0
2026-09-03 04:00:00,0.813,0.813,226.3,19.6,4,Thursday,0
2026-09-03 05:00:00,0.61,0.61,228.1,19.3,5,Thursday,0
2026-09-03 06:00:00,1.694,1.694,225.8,21.4,6,Thursday,0
2026-09-03 07:00:00,1.827,1.827,226.8,22.4,7,Thursday,0
2026-09-03 08:00:00,1.824,1.824,226.1,24.4,8,Thursday,0
2026-09-03 09:00:00,1.044,1.044,229.7,26.6,9,Thursday,0
2026-09-03 10:00:00,0.976,0.976,229.2,27.5,10,Thursday,0
2026-09-03 11:00:00,0.976,0.976,230.1,29.0,11,Thursday,0
2026-09-03 12:00:00,1.017,1.017,229.4,30.2,12,Thursday,0
2026-09-03 13:00:00,1.134,1.134,228.4,32.0,13,Thursday,0
2026-09-03 14:00:00,0.984,0.984,229.5,32.3,14,Thursday,0
2026-09-03 15:00:00,1.072,1.072,228.0,32.7,15,Thursday,0
2026-09-03 16:00:00,0.951,0.951,229.0,29.8,16,Thursday,0
2026-09-03 17:00:00,2.74,2.74,224.7,29.9,17,Thursday,0
2026-09-03 18:00:00,2.568,2.568,225.3,29.0,18,Thursday,0
2026-09-03 19:00:00,2.668,2.668,224.8,26.7,19,Thursday,0
2026-09-03 20:00:00,2.716,2.716,224.6,24.9,20,Thursday,0
2026-09-03 21:00:00,2.79,2.79,226.6,21.9,21,Thursday,0
2026-09-03 22:00:00,1.325,1.325,227.0,20.5,22,Thursday,0
2026-09-03 23:00:00,1.294,1.294,227.4,20.3,23,Thursday,0
2026-09-04 00:00:00,0.675,0.675,227.7,18.3,0,Friday,0
2026-09-04 01:00:00,0.725,0.725,227.8,17.6,1,Friday,0
2026-09-04 02:00:00,0.849,0.849,227.8,18.5,2,Friday,0
2026-09-04 03:00:00,0.77,0.77,229.2,18.4,3,Friday,0
2026-09-04 04:00:00,0.789,0.789,229.2,19.0,4,Friday,0
2026-09-04 05:00:00,0.8,0.8,229.6,19.1,5,Friday,0
2026-09-04 06:00:00,1.813,1.813,227.6,20.9,6,Friday,0
2026-09-04 07:00:00,1.896,1.896,229.4,23.0,7,Friday,0
2026-09-04 08:00:00,1.7,1.7,227.3,24.4,8,Friday,0
2026-09-04 09:00:00,0.892,0.892,230.1,27.4,9,Friday,0
2026-09-04 10:00:00,0.965,0.965,227.5,27.4,10,Friday,0
2026-09-04 11:00:00,1.249,1.249,226.8,31.3,11,Friday,0
2026-09-04 12:00:00,1.159,1.159,227.4,30.6,12,Friday,0
2026-09-04 13:00:00,1.092,1.092,225.7,31.7,13,Friday,0
2026-09-04 14:00:00,1.035,1.035,227.5,32.0,14,Friday,0
2026-09-04 15:00:00,0.989,0.989,229.2,32.9,15,Friday,0
2026-09-04 16:00:00,1.068,1.068,229.0,30.8,16,Friday,0
2026-09-04 17:00:00,2.696,2.696,226.3,30.2,17,Friday,0
2026-09-04 18:00:00,2.601,2.601,224.0,28.2,18,Friday,0
2026-09-04 19:00:00,2.886,2.886,226.3,26.2,19,Friday,0
2026-09-04 20:00:00,2.544,2.544,226.0,23.9,20,Friday,0
2026-09-04 21:00:00,2.694,2.694,224.8,23.6,21,Friday,0
2026-09-04 22:00:00,1.296,1.296,227.8,21.4,22,Friday,0
2026-09-04 23:00:00,1.252,1.252,226.7,18.3,23,Friday,0
2026-09-05 00:00:00,1.089,1.089,228.5,19.1,0,Saturday,1
2026-09-05 01:00:00,0.924,0.924,228.9,18.0,1,Saturday,1
2026-09-05 02:00:00,0.899,0.899,230.9,18.3,2,Saturday,1
2026-09-05 03:00:00,0.888,0.888,227.3,17.3,3,Saturday,1
2026-09-05 04:00:00,0.777,0.777,228.1,19.4,4,Saturday,1
2026-09-05 05:00:00,0.928,0.928,229.4,19.8,5,Saturday,1
2026-09-05 06:00:00,1.334,1.334,226.7,20.5,6,Saturday,1
2026-09-05 07:00:00,1.313,1.313,227.3,22.2,7,Saturday,1
2026-09-05 08:00:00,1.365,1.365,225.9,26.9,8,Saturday,1
2026-09-05 09:00:00,1.772,1.772,229.3,26.4,9,Saturday,1
2026-09-05 10:00:00,1.54,1.54,229.5,27.2,10,Saturday,1
2026-09-05 11:00:00,1.921,1.921,227.2,30.3,11,Saturday,1
2026-09-05 12:00:00,1.69,1.69,227.4,29.0,12,Saturday,1
2026-09-05 13:00:00,1.909,1.909,226.7,32.5,13,Saturday,1
2026-09-05 14:00:00,2.01,2.01,225.3,31.3,14,Saturday,1
2026-09-05 15:00:00,1.91,1.91,227.3,31.4,15,Saturday,1
2026-09-05 16:00:00,1.971,1.971,226.5,31.7,16,Saturday,1
2026-09-05 17:00:00,2.806,2.806,224.9,28.8,17,Saturday,1
2026-09-05 18:00:00,2.741,2.741,226.8,30.6,18,Saturday,1
2026-09-05 19:00:00,2.852,2.852,227.0,27.6,19,Saturday,1
2026-09-05 20:00:00,2.861,2.861,224.8,25.3,20,Saturday,1
2026-09-05 21:00:00,2.918,2.918,224.0,24.2,21,Saturday,1
2026-09-05 22:00:00,1.254,1.254,226.8,20.4,22,Saturday,1
2026-09-05 23:00:00,1.369,1.369,227.0,20.0,23,Saturday,1
2026-09-06 00:00:00,0.855,0.855,229.5,18.9,0,Sunday,1
2026-09-06 01:00:00,0.801,0.801,228.8,16.4,1,Sunday,1
2026-09-06 02:00:00,0.811,0.811,226.3,19.0,2,Sunday,1
2026-09-06 03:00:00,0.799,0.799,227.1,18.7,3,Sunday,1
2026-09-06 04:00:00,0.835,0.835,227.8,18.4,4,Sunday,1
2026-09-06 05:00:00,0.922,0.922,229.9,18.3,5,Sunday,1
2026-09-06 06:00:00,1.239,1.239,227.5,22.0,6,Sunday,1
2026-09-06 07:00:00,1.378,1.378,228.3,23.2,7,Sunday,1
2026-09-06 08:00:00,1.337,1.337,228.1,24.4,8,Sunday,1
2026-09-06 09:00:00,1.746,1.746,227.8,28.0,9,Sunday,1
2026-09-06 10:00:00,1.803,1.803,227.2,28.6,10,Sunday,1
2026-09-06 11:00:00,1.802,1.802,227.6,29.3,11,Sunday,1
2026-09-06 12:00:00,1.952,1.952,226.8,30.7,12,Sunday,1
2026-09-06 13:00:00,2.006,2.006,226.8,32.1,13,Sunday,1
2026-09-06 14:00:00,2.076,2.076,226.5,33.4,14,Sunday,1
2026-09-06 15:00:00,1.907,1.907,227.0,32.5,15,Sunday,1
2026-09-06 16:00:00,1.973,1.973,225.4,32.5,16,Sunday,1
2026-09-06 17:00:00,2.743,2.743,224.1,29.4,17,Sunday,1
2026-09-06 18:00:00,2.718,2.718,225.1,28.2,18,Sunday,1
2026-09-06 19:00:00,2.757,2.757,226.9,27.5,19,Sunday,1
2026-09-06 20:00:00,2.912,2.912,224.0,25.4,20,Sunday,1
2026-09-06 21:00:00,2.743,2.743,226.1,23.9,21,Sunday,1
2026-09-06 22:00:00,1.314,1.314,226.2,21.6,22,Sunday,1
2026-09-06 23:00:00,1.318,1.318,226.5,19.3,23,Sunday,1
2026-09-07 00:00:00,0.621,0.621,229.9,19.3,0,Monday,0
2026-09-07 01:00:00,0.774,0.774,229.4,17.3,1,Monday,0
2026-09-07 02:00:00,0.777,0.777,228.9,17.4,2,Monday,0
2026-09-07 03:00:00,0.649,0.649,226.5,17.8,3,Monday,0
2026-09-07 04:00:00,0.605,0.605,229.0,19.2,4,Monday,0
2026-09-07 05:00:00,0.784,0.784,228.2,19.8,5,Monday,0
2026-09-07 06:00:00,1.869,1.869,227.0,21.2,6,Monday,0
2026-09-07 07:00:00,1.848,1.848,224.8,23.4,7,Monday,0
2026-09-07 08:00:00,1.859,1.859,225.4,25.6,8,Monday,0
2026-09-07 09:00:00,0.907,0.907,228.2,26.6,9,Monday,0
2026-09-07 10:00:00,1.025,1.025,229.5,28.8,10,Monday,0
2026-09-07 11:00:00,0.96,0.96,229.9,28.9,11,Monday,0
2026-09-07 12:00:00,1.177,1.177,230.3,31.4,12,Monday,0
2026-09-07 13:00:00,1.11,1.11,229.3,32.6,13,Monday,0
2026-09-07 14:00:00,1.092,1.092,227.6,32.1,14,Monday,0
2026-09-07 15:00:00,1.025,1.025,230.0,33.0,15,Monday,0
2026-09-07 16:00:00,0.978,0.978,228.7,31.5,16,Monday,0
2026-09-07 17:00:00,2.7,2.7,226.2,28.3,17,Monday,0
2026-09-07 18:00:00,2.66,2.66,227.6,28.0,18,Monday,0
2026-09-07 19:00:00,2.565,2.565,227.2,26.4,19,Monday,0
2026-09-07 20:00:00,2.65,2.65,226.4,26.6,20,Monday,0
2026-09-07 21:00:00,2.591,2.591,224.8,24.3,21,Monday,0
2026-09-07 22:00:00,1.405,1.405,228.1,22.5,22,Monday,0
2026-09-07 23:00:00,1.429,1.429,226.8,19.3,23,Monday,0
2026-09-08 00:00:00,0.757,0.757,230.5,18.7,0,Tuesday,0
2026-09-08 01:00:00,0.763,0.763,229.2,18.9,1,Tuesday,0
2026-09-08 02:00:00,0.775,0.775,225.6,18.0,2,Tuesday,0
2026-09-08 03:00:00,0.749,0.749,227.3,18.0,3,Tuesday,0
2026-09-08 04:00:00,0.714,0.714,230.8,19.2,4,Tuesday,0
2026-09-08 05:00:00,0.693,0.693,228.6,21.3,5,Tuesday,0
2026-09-08 06:00:00,1.774,1.774,227.0,21.4,6,Tuesday,0
2026-09-08 07:00:00,1.72,1.72,227.7,22.6,7,Tuesday,0
2026-09-08 08:00:00,1.746,1.746,227.9,25.5,8,Tuesday,0
2026-09-08 09:00:00,0.93,0.93,229.3,26.3,9,Tuesday,0
2026-09-08 10:00:00,0.946,0.946,227.7,28.5,10,Tuesday,0
2026-09-08 11:00:00,2.3244000000000002,2.3244000000000002,227.5,29.8,11,Tuesday,0
2026-09-08 12:00:00,2.5116,2.5116,227.7,30.9,12,Tuesday,0
2026-09-08 13:00:00,2.7820000000000005,2.7820000000000005,227.8,31.5,13,Tuesday,0
2026-09-08 14:00:00,2.9328,2.9328,229.0,32.0,14,Tuesday,0
2026-09-08 15:00:00,0.994,0.994,227.0,31.2,15,Tuesday,0
2026-09-08 16:00:00,1.062,1.062,227.2,30.7,16,Tuesday,0
2026-09-08 17:00:00,2.614,2.614,225.5,28.9,17,Tuesday,0
2026-09-08 18:00:00,2.605,2.605,224.8,29.0,18,Tuesday,0
2026-09-08 19:00:00,2.647,2.647,224.2,26.1,19,Tuesday,0
2026-09-08 20:00:00,2.507,2.507,225.1,25.5,20,Tuesday,0
2026-09-08 21:00:00,2.665,2.665,228.4,23.4,21,Tuesday,0
2026-09-08 22:00:00,1.19,1.19,227.7,21.8,22,Tuesday,0
2026-09-08 23:00:00,1.264,1.264,226.7,18.6,23,Tuesday,0
2026-09-09 00:00:00,0.686,0.686,228.6,19.7,0,Wednesday,0
2026-09-09 01:00:00,0.869,0.869,228.1,17.7,1,Wednesday,0
2026-09-09 02:00:00,0.795,0.795,229.1,19.5,2,Wednesday,0
2026-09-09 03:00:00,0.762,0.762,226.3,18.5,3,Wednesday,0
2026-09-09 04:00:00,0.798,0.798,228.5,18.7,4,Wednesday,0
2026-09-09 05:00:00,0.726,0.726,230.7,18.9,5,Wednesday,0
2026-09-09 06:00:00,1.805,1.805,227.9,22.5,6,Wednesday,0
2026-09-09 07:00:00,1.674,1.674,225.9,22.9,7,Wednesday,0
2026-09-09 08:00:00,1.788,1.788,226.5,26.3,8,Wednesday,0
2026-09-09 09:00:00,1.062,1.062,230.0,26.6,9,Wednesday,0
2026-09-09 10:00:00,1.077,1.077,228.4,30.3,10,Wednesday,0
2026-09-09 11:00:00,1.028,1.028,226.7,28.7,11,Wednesday,0
2026-09-09 12:00:00,1.002,1.002,227.5,31.2,12,Wednesday,0
2026-09-09 13:00:00,1.041,1.041,227.5,31.1,13,Wednesday,0
2026-09-09 14:00:00,1.157,1.157,226.6,31.6,14,Wednesday,0
2026-09-09 15:00:00,1.187,1.187,227.2,31.9,15,Wednesday,0
2026-09-09 16:00:00,1.072,1.072,229.5,30.5,16,Wednesday,0
2026-09-09 17:00:00,2.608,2.608,225.9,30.1,17,Wednesday,0
2026-09-09 18:00:00,2.705,2.705,225.6,27.6,18,Wednesday,0
2026-09-09 19:00:00,2.583,2.583,224.3,26.6,19,Wednesday,0
2026-09-09 20:00:00,2.748,2.748,224.3,25.4,20,Wednesday,0
2026-09-09 21:00:00,2.483,2.483,224.8,23.6,21,Wednesday,0
2026-09-09 22:00:00,1.197,1.197,226.7,21.5,22,Wednesday,0
2026-09-09 23:00:00,1.293,1.293,227.4,19.5,23,Wednesday,0
2026-09-10 00:00:00,0.56,0.56,228.3,17.1,0,Thursday,0
2026-09-10 01:00:00,0.51,0.51,228.5,18.6,1,Thursday,0
2026-09-10 02:00:00,0.841,0.841,228.0,17.6,2,Thursday,0
2026-09-10 03:00:00,0.741,0.741,226.1,18.5,3,Thursday,0
2026-09-10 04:00:00,0.747,0.747,229.3,19.6,4,Thursday,0
2026-09-10 05:00:00,0.563,0.563,231.1,23.2,5,Thursday,0
2026-09-10 06:00:00,1.833,1.833,226.6,21.3,6,Thursday,0
2026-09-10 07:00:00,1.764,1.764,227.2,22.8,7,Thursday,0
2026-09-10 08:00:00,1.87,1.87,226.1,23.8,8,Thursday,0
2026-09-10 09:00:00,0.874,0.874,229.9,25.9,9,Thursday,0
2026-09-10 10:00:00,0.939,0.939,227.4,28.1,10,Thursday,0
2026-09-10 11:00:00,1.145,1.145,230.2,30.6,11,Thursday,0
2026-09-10 12:00:00,1.143,1.143,228.1,30.9,12,Thursday,0
2026-09-10 13:00:00,1.032,1.032,229.0,32.8,13,Thursday,0
2026-09-10 14:00:00,1.085,1.085,228.2,31.8,14,Thursday,0
2026-09-10 15:00:00,1.081,1.081,228.3,32.0,15,Thursday,0
2026-09-10 16:00:00,1.169,1.169,228.9,32.3,16,Thursday,0
2026-09-10 17:00:00,2.579,2.579,226.5,29.6,17,Thursday,0
2026-09-10 18:00:00,2.768,2.768,224.3,29.2,18,Thursday,0
2026-09-10 19:00:00,2.519,2.519,225.0,26.6,19,Thursday,0
2026-09-10 20:00:00,2.613,2.613,226.1,25.8,20,Thursday,0
2026-09-10 21:00:00,2.676,2.676,223.8,23.0,21,Thursday,0
2026-09-10 22:00:00,1.031,1.031,227.9,21.6,22,Thursday,0
2026-09-10 23:00:00,1.366,1.366,228.5,18.7,23,Thursday,0
2026-09-11 00:00:00,0.852,0.852,227.3,19.3,0,Friday,0
2026-09-11 01:00:00,0.805,0.805,228.3,19.6,1,Friday,0
2026-09-11 02:00:00,0.641,0.641,227.9,18.9,2,Friday,0
2026-09-11 03:00:00,0.688,0.688,227.5,17.8,3,Friday,0
2026-09-11 04:00:00,0.709,0.709,229.1,19.9,4,Friday,0
2026-09-11 05:00:00,0.584,0.584,229.3,19.6,5,Friday,0
2026-09-11 06:00:00,1.805,1.805,225.1,20.0,6,Friday,0
2026-09-11 07:00:00,1.883,1.883,226.7,24.8,7,Friday,0
2026-09-11 08:00:00,1.742,1.742,227.5,26.0,8,Friday,0
2026-09-11 09:00:00,0.931,0.931,229.9,27.0,9,Friday,0
2026-09-11 10:00:00,0.933,0.933,226.3,29.1,10,Friday,0
2026-09-11 11:00:00,0.9,0.9,228.5,29.2,11,Friday,0
2026-09-11 12:00:00,1.283,1.283,229.5,30.2,12,Friday,0
2026-09-11 13:00:00,1.096,1.096,227.8,32.2,13,Friday,0
2026-09-11 14:00:00,1.096,1.096,228.3,31.2,14,Friday,0
2026-09-11 15:00:00,1.117,1.117,227.8,30.8,15,Friday,0
2026-09-11 16:00:00,0.841,0.841,228.0,29.5,16,Friday,0
2026-09-11 17:00:00,2.695,2.695,223.5,31.5,17,Friday,0
2026-09-11 18:00:00,2.526,2.526,226.8,28.9,18,Friday,0
2026-09-11 19:00:00,2.643,2.643,226.8,26.4,19,Friday,0
2026-09-11 20:00:00,2.538,2.538,224.7,24.0,20,Friday,0
2026-09-11 21:00:00,2.528,2.528,222.1,24.0,21,Friday,0
2026-09-11 22:00:00,1.314,1.314,229.1,21.1,22,Friday,0
2026-09-11 23:00:00,1.237,1.237,229.2,19.7,23,Friday,0
2026-09-12 00:00:00,0.819,0.819,228.8,17.4,0,Saturday,1
2026-09-12 01:00:00,0.809,0.809,228.6,18.6,1,Saturday,1
2026-09-12 02:00:00,0.797,0.797,229.1,16.0,2,Saturday,1
2026-09-12 03:00:00,0.855,0.855,229.0,17.5,3,Saturday,1
2026-09-12 04:00:00,0.864,0.864,227.3,18.7,4,Saturday,1
2026-09-12 05:00:00,0.899,0.899,228.6,19.9,5,Saturday,1
2026-09-12 06:00:00,1.348,1.348,228.4,21.0,6,Saturday,1
2026-09-12 07:00:00,1.423,1.423,227.0,21.5,7,Saturday,1
2026-09-12 08:00:00,1.426,1.426,225.8,25.3,8,Saturday,1
2026-09-12 09:00:00,1.667,1.667,226.1,26.2,9,Saturday,1
2026-09-12 10:00:00,1.621,1.621,226.4,29.9,10,Saturday,1
2026-09-12 11:00:00,1.894,1.894,226.1,30.1,11,Saturday,1
2026-09-12 12:00:00,1.963,1.963,226.4,31.3,12,Saturday,1
2026-09-12 13:00:00,1.869,1.869,227.0,31.3,13,Saturday,1
2026-09-12 14:00:00,1.991,1.991,226.7,33.4,14,Saturday,1
2026-09-12 15:00:00,1.888,1.888,228.6,32.3,15,Saturday,1
2026-09-12 16:00:00,2.121,2.121,225.3,31.2,16,Saturday,1
2026-09-12 17:00:00,2.892,2.892,225.5,31.4,17,Saturday,1
2026-09-12 18:00:00,2.81,2.81,226.4,28.7,18,Saturday,1
2026-09-12 19:00:00,2.673,2.673,223.8,26.9,19,Saturday,1
2026-09-12 20:00:00,2.855,2.855,224.8,24.9,20,Saturday,1
2026-09-12 21:00:00,2.674,2.674,225.4,24.2,21,Saturday,1
2026-09-12 22:00:00,1.331,1.331,227.5,20.0,22,Saturday,1
2026-09-12 23:00:00,1.201,1.201,229.4,20.4,23,Saturday,1
2026-09-13 00:00:00,0.897,0.897,228.2,19.8,0,Sunday,1
2026-09-13 01:00:00,0.793,0.793,229.6,18.7,1,Sunday,1
2026-09-13 02:00:00,0.936,0.936,227.4,19.3,2,Sunday,1
2026-09-13 03:00:00,0.747,0.747,229.3,18.5,3,Sunday,1
2026-09-13 04:00:00,0.7,0.7,227.3,19.3,4,Sunday,1
2026-09-13 05:00:00,0.826,0.826,227.1,19.8,5,Sunday,1
2026-09-13 06:00:00,1.35,1.35,227.3,21.8,6,Sunday,1
2026-09-13 07:00:00,1.414,1.414,229.4,22.6,7,Sunday,1
2026-09-13 08:00:00,1.281,1.281,228.3,24.6,8,Sunday,1
2026-09-13 09:00:00,1.679,1.679,227.9,26.5,9,Sunday,1
2026-09-13 10:00:00,1.795,1.795,226.9,27.0,10,Sunday,1
2026-09-13 11:00:00,1.683,1.683,226.9,29.6,11,Sunday,1
2026-09-13 12:00:00,1.81,1.81,226.8,29.7,12,Sunday,1
2026-09-13 13:00:00,2.066,2.066,225.1,32.1,13,Sunday,1
2026-09-13 14:00:00,1.969,1.969,227.5,32.4,14,Sunday,1
2026-09-13 15:00:00,1.982,1.982,225.7,30.1,15,Sunday,1
2026-09-13 16:00:00,2.028,2.028,225.5,31.4,16,Sunday,1
2026-09-13 17:00:00,2.821,2.821,223.8,29.4,17,Sunday,1
2026-09-13 18:00:00,2.8,2.8,221.5,29.2,18,Sunday,1
2026-09-13 19:00:00,2.747,2.747,223.1,26.5,19,Sunday,1
2026-09-13 20:00:00,2.839,2.839,226.5,24.0,20,Sunday,1
2026-09-13 21:00:00,2.781,2.781,225.5,23.4,21,Sunday,1
2026-09-13 22:00:00,1.214,1.214,226.4,21.1,22,Sunday,1
2026-09-13 23:00:00,1.239,1.239,228.0,18.6,23,Sunday,1
2026-09-14 00:00:00,0.697,0.697,227.6,18.9,0,Monday,0
2026-09-14 01:00:00,0.625,0.625,229.8,18.7,1,Monday,0
2026-09-14 02:00:00,0.67,0.67,227.0,17.2,2,Monday,0
2026-09-14 03:00:00,0.808,0.808,229.2,17.8,3,Monday,0
2026-09-14 04:00:00,0.772,0.772,227.3,19.7,4,Monday,0
2026-09-14 05:00:00,0.668,0.668,230.4,19.8,5,Monday,0
2026-09-14 06:00:00,1.881,1.881,227.7,20.5,6,Monday,0
2026-09-14 07:00:00,1.777,1.777,227.7,24.7,7,Monday,0
2026-09-14 08:00:00,1.761,1.761,225.0,26.8,8,Monday,0
2026-09-14 09:00:00,0.967,0.967,226.0,25.3,9,Monday,0
2026-09-14 10:00:00,0.945,0.945,228.5,28.2,10,Monday,0
2026-09-14 11:00:00,1.108,1.108,229.5,30.3,11,Monday,0
2026-09-14 12:00:00,1.036,1.036,227.2,30.3,12,Monday,0
2026-09-14 13:00:00,1.162,1.162,228.4,32.4,13,Monday,0
2026-09-14 14:00:00,0.996,0.996,230.2,32.9,14,Monday,0
2026-09-14 15:00:00,1.149,1.149,230.1,33.0,15,Monday,0
2026-09-14 16:00:00,0.868,0.868,227.6,29.7,16,Monday,0
2026-09-14 17:00:00,2.566,2.566,226.3,30.5,17,Monday,0
2026-09-14 18:00:00,2.706,2.706,225.5,29.6,18,Monday,0
2026-09-14 19:00:00,2.582,2.582,226.9,26.0,19,Monday,0
2026-09-14 20:00:00,2.647,2.647,224.7,25.6,20,Monday,0
2026-09-14 21:00:00,2.564,2.564,227.7,21.6,21,Monday,0
2026-09-14 22:00:00,1.285,1.285,228.9,20.5,22,Monday,0
2026-09-14 23:00:00,1.285,1.285,228.8,19.0,23,Monday,0
